,places,collected_reviews,Number of positive reviews,Number of negative reviews,Total number of reviews,Rating
0,Глэмпинг Доброе,"['плюс очень красивый заповедный зона просыпаться вид море засыпать волна пожалуй самый необычный отпуск вроде жить палатка минимальный набор необходимый комфортный пребывание идеальный вариант мечтать сходить поход палатка перспектива ходить туалет ёлка точно очень расслаблять помогать отдохнуть городской суета ярко минус готовый глэмпинг тяжело добраться неподготовленный человек добраться два способ пешком моторный лодка лодка стоить поездка конец сам глэмпинг причал деревянный помост поэтому лодка прийтись прыгать вода забираться лодка вода', 'ездить глэмпинг добрый компания конец апрель поскольку апрель действительно выдаться холодный делать больший скидка этот место откинуть наш погодный невезение сильно разочаровать соотношение', 'плюс красивый заповедный зона потрясать закат вкусный мидия блинчик завтрак очень приятный вежливый молодой человек который собственно приносить завтрак минус везде грязненький очень бросаться глаз жутко неудобный скрипучий кровать который спина болеть неделя душа намёк хотя тёплый вода просто тонкий струйка холодный вода -кинотеатр открытый работать целое хорошо провести время нюанс заселение пройти гладко отказать просьба заселить высокий шатёр свободный момент наш приезд анастасия сказать забронировать завтрашний уточнить забронировать например приехать следующий ответить', 'красиво дикий природа идеальный комфорт артур готовить вкусный мидия номер иметься необходимый вполне удобно маленький ребёнок потрясать очень понравиться обязательно приехать снова', 'отлично газ делать электро печь поставить экономичный балон газ кофема хватать пара день готовить семья общий кухня очередь стоять замечательный уединённый отдых']",5,0,5,5
11,Zelenaya Tropa,"['итак платить рубль ночь доплачивать три килограммовый собака получать домик который кишеть муравей буквальный смысл повсюду кровать кухня стакан который нужно поставить холодильник хотеть оставить муравей стена чистый чайник ванной…везда спать просто чувствовать шевелиться вокруг ванная который стоить вода просто хлюпать выливаться щель наступить постоянно мокрый нога носка полотенце заезд включить электрический тёплый…видимо гость коротнуть клещ который снять свой обработать собаки…предупреждать такой впервые минус', 'явно точно понимать соответствие цена качество опытный путешественник число формат глэмпинг впервые столкнуться большой дифференциация достаться дача самый некачественный недоделать старый совершенно соответствовать тот изначально фото видно организация глэмпинг заниматься женщина гель душа ушной палочка подушка стразик продумать достроить менять бельё домик завести зубной щётка тапка тропинка домик убрать строительный материал какашка деревянный тропинка додуматься ночь дача обойтись тысяча отдельный доплата завтрак внимание цена пятизвёздочный отель центр москва ночь завтрак', 'отличный глэмпинг множество вариант размещение выбрать домик дерево удобство кухня терраса отличный домик хорошо обустроить оснастить необходимый минимум хороший техника косметика домик гель душа кондиционер авторский разработка эфирный масло прочий полезность понравиться мятный мыло почему общий рукомойник общий место приём пища вечерний посиделки костёр хорошо продумать питание понравиться домашний кухня продукт местный ферма разный настольный игра ребёнок взрослый важный момент глэмпинг friendly встретить многий любитель собака общий радость потомец рассматривать повторный посещение', 'добрый день лагер один ночёвка привести наш компания восторг время мало погода дождливый коллектив занятие маткласс сделать свой дело окунуться природа математика ребёнок хотеть продолжать продолжать надеяться минимум неделя путешествие маткласс угодный спасибо профессионализм гибкий подход', 'завершать пребывание какой-нибудь отель стараться сформировать свой комплексный впечатление место цель понять стоить сюда возвращаться мнение зелёный тропа сформировать основание несколько фактор номер малюсенький домик который сложно разойтись человек внутренний эргономика совершенно непродуманный гель шампунь плохо спускать вода матрас подушка одеяло сам низкий качество который удобно спать окно дуть обогреватель дребезжать ночью очень мешать приём пища доступно несколько вид блюдо практически несъедобный продукт использоваться некачественный возможный ощущение тошнота ощущение съесть ведро щебень также хотеть отметить']",4,1,5,5
19,Папоротник,"['решить отдохнуть карелия выбрать думать отдохнуть получиться весь наоборот подъезд кемпингу-целый квест бездорожье снег убирать подъезд минус дорога плюс смотреть сказка попадать вид нереальный приехать понимаешь-освещение ноль кроме твой встретить ребята проводить сказать достроить ожидание хороший войти понимать ахтунг домик построить сдавать пол окно доделать панорамный стоить один кровать подобие камин пахнуть газ подобие стол оставлять желать хороший ванная комната отдельный пост стоить биотуалет умывальник ссср деревня', 'компания человек забронировать домик новогодний праздник протяжение декабрь переписываться руководство псевдоглемпинг спрашивать готовый быть домик наш прибытие день уточнить сергей управлять контора быть готовый домик наш прибытие подтвердить готовый мочь приезжать также являться основатель постоянный развод деньга факт приехать увидеть несколько недостроенный дом который явно готовый проживание туалет водопроводный вода вообще никакой домик соответствовать описание фотография который скидывать группа какой либо преложения возврат деньга сергей сначала брать трубка категорически отказать возврат причём', 'отдать ночь лишний тысяча получить факт ... дать подумать .. букинг слово отсутствие электричество лишь тонкий намёк розетка соответственно холодильник привезти шашлык йогурт давать хотеть свет несчастный', 'испанский стыд отдых больший развод сфера туризм пока встречать надеяться встреча сразу сказать привереда сам заниматься горный туризм останавливаться палатка свет удобство интернет прочее плохой дорога ездить страшно рубль ночь цена качество соотвествовать диаметрально противоположный накануне останавливаться турбаза идеальный подьезд отличный удобство полноценный кухня чистый комната заплатить показаться дорого знать папоротник-4500 показаться задаром довести брать деньга спасибо сказать неуютный окно шалаш обветшалый дырка видать вид', 'ставить палатка бог забытый место который невозможно добраться легковой автомобиль повредить самый автомобиль экономить электричество палатка администрация значит розетка холодильник горячий вода писать красивый описание сайт который соответствовать действительность называть глэмпинг вуаля глупый турист безысходность лето заграница закрытый российский место размещение очень хватать платить сутки естественно вперёд ты нравиться хотеть уехать ранний твой проблема деньга ты никто вернуть претензия твой субъективный мнение который хозяин интересовать ведь-свой']",4,1,5,5
18,Айвенго,"['выбрать отдых алтай альтернатива поездка море турция момент понять хотеть тишина покой никакой эксклюзив заменить единение природа шатёр имя номер очень понравиться находиться уединение далёкий среди река год собираться алтай катунь манить приехать друг сразу быть бронировать шатёр первый линия', 'любитель отель включить » предсказуемость комфорт отель звезда сюда приключение возможный выход зона комфорт гроза отключить электроенергия кухня работать горячий вода связь скролить лента инстаграмм возможность хотеться близость природа отличный кухня дать цивилизация мастер класс попасть ризотто очень вкусно головокружительный пейзаж посиделки костёр глинтвейн гитара разговор прогулка гора лиса собака который жить айвенго прочь составить компания встретить табун лошадь забежать миноточка подъесть вкусный трава корова огромный качели который захватывать пляж песок', 'прожить потрясать место решить очень повезти наслать случайно дата забронировать отель построить план увидеть палатка берег река долго думать изменить наш план правый лагерь находиться берег река достаточно шумный любить спать тишина взять палатка линия сам дело отель хороший любой палатка просто потрясать очень хороший территория качели ребёнок кататься песочница игрушка зона мангал деревянный дорожка весь палатка обязательно порадовать множество резвиться суслик видеть территория отель весь отпуск', 'бронировать шатёр линия букинг адекватный взгляд цена 5400/сутки территория очень понравиться шатёр выглядеть здорово деревянный дорожка удобный территория пляж качели костровый зона бесплатный дрова находиться очень приятно хотеться вернуться сотрудник очень доброжелательный приветливый время приезд внимание оставить сразу встретить заселить ранний географически глэмпинг очень удобно расположить живописный район недалеко жуткий чемаленький база кафешка магазин прочий инфраструктура расположить друг друг минус -терраса кафе доработать сделать презентабельный уютный наверное впереди -внутри шатёр хватать стул видеть другой', 'очень понравиться глэмпинг удаться забыть офис суета расслабляться вид шум катунь уютный минимализм шатёр вкусный лёгкий общение спасибо душевность живописность большой желание вернуться']",4,1,5,5
17,Дальний кордон,"['турбаза находиться недалеко москва примерно минский шоссе второстепенный дорога слегка убитый грейдер территория общий сложность примерно домик снимать шатёр помост глэмпинг ночь каждый свой помост вход река мангал достаточный расстояние чувствовать уединение турбаза дружелюбный питомец заплатить небольшой сумма смочь взять себя собака река чистый вид вокруг замечательный очень гостеприимный отзывчивый готовый помочь однозначно рекомендовать', 'провести выходной конец сентябрь база несколько семья отметить семейный праздник тихий спокойный территория уходить детский площадка каждый домик мангал уличный мебель очень удобно пожарить мясо природа домик тёплый чистенький укомплектовать весь необходимый единственный вода санузел специфический запах рекомендовать питьевой вода брать себя достать первый ночь муха который осень слетаться тепло ночью оставить свет туалет дружный толпа улетать туда конец сезон поэтому некоторый трудность кафе нужно заранее договариваться обговаривать меню спасибо сергей вкусный обед завтрак столь стеснённый обстоятельство', 'увидеть территория база глэмпинг несомненно внимание остаться сразу сказать минус единственный съехать основной трасса около прийтись потрястись грунтовый дорога место разбитый факт огорчить предвкушение отдых глэмпинге. глэмпинг полностью мебелировать подвести электричество полноценный спальный место холодильник чайник посуда частично умывальник подогрев веранда располагаться стол стул гамак бояться промокнуть замёрзнуть бояться проверить себе-первый выполнить безупречно прочный материал испытать гром сильный ветер ливень находиться внутри выдержал-второй']",3,0,3,5
16,База отдыха Салокюля,"['отдыхать чудесный местечко неделя сентябрь семья маленький ребёнок долго подбирать подходящий вариант прогадать хутор салокюля находиться очень живописный место ладожский шхера наш мужчина заниматься рыбалка брать аренда лодка дразнить потрясать фото видио остров нерпа заснять рыбка кстати поймать арендовать котелок сварить ребёнок очень понравиться минизоопарк гусь енот кролик курочка приходить прямо домик правда оказаться деревенский аутентичный хуторок банька чан озеро -вообще отельный сказка улица дождик ребёнок сидеть тёплый чан наслаждаться окружающий природный красота мужчина наш нырять банька озеро настоящий', 'уютный деревянный домик живописный природа свежий воздух идеальный место рыбалка прогулка лодочка очень понравиться банька вода летний время хотеть посетить зимой', 'хотеть выразить благодарность приятный отдых ваш база стоить возвращаться рекомендовать друг спасибо тишина отлично отдохнуть обязательно приехать', 'отличный аутентичный ребёночек очень понравиться бабушка побывать чисто опрятно видно база прокачка деньга очень тёплый душевный весь рекомендовать пожалеть', 'очень понравиться чистенько опрятно первый надеяться последний база новенький несколько назад енотик подрасти кролик супер очень любим весь советовать']",4,1,5,5
1,Глэмпинг на озере Сиг,"['отдыхать один два ребёнок очень повезти погода сосед ребёнок скучать старший кататься саба младший соседский ребёнок кошка который очень сходить баня покататься велик сходить гриб покататься ложка отдохнуть городской суета насмотреться закат кормить вкусно младший оценить', 'отдыхать жена начало август впечатление неоднозначный плюс минус сожаление минус писать исходить свой опыт ребёнок отдыхать россия европа глэмпинг впервые прелесть отдых природа бояться плюс жить палатка палатка продумать необходимый кроме соль сахар мебель хороший состояние привет икеа маленький холодильник посуда умывальник диван кровать простыня подогрев захотеть такой вентилятор газовый плитка общий время поймать мысль номер хватать туалет отдельный помещение относительно близко палатка каждый палатка свой кабинка/комнатка запираться ключ внутри аккуратно', 'необычно очень оригинально придумать прям берег озеро свой подход вода рядом палатка мангал дрова свет улица столик стул палатка необходимый уютный кровать удобный диван куча всякий подушечка интеграция природа комфорт', 'муж глэмпинг август 2019г проехать 950км место наш мечта впервые глэмпинг столкнуться июль утриша незабываемый блаженство решить обязательно посетить глэмпинг озеро утро август позвонить администратор григорий уточнить время наш прибытие ехать далёкий планировать приехать ранний час начинать час вечер григорий время держать мы связь заблудиться естественно несмотря приехать одиннадцатый час вечер григорий встретить рассказать показать расположить отдых принести положительный эмоция вспоминать единение природа палатка необходимый жизнь плитка газовый баллон', 'очень сильно повезти бронь сайт место сотрудница найти свободный сафари-тент трое изначально фото который прислать пометка быть жить домик необходимый приезд поселить сафари-тент терраса стол одиноко стоять стул хотя тент трое приехать втроём повторный просьба молодой человек принести-таки стол третий стул найтись номер грязно природа плата газовый баллон плита уголь вечером стать ужасно холодно второй обогреватель предоставить предлог выдержать электросеть правда фонарик тускнеть каждый включать розетка простой говорить']",3,2,5,5
22,Майтри Кэмп на Финском Заливе,"['очень красивый живописный финский залив великолепный отдых берег понравиться такой tree camp платить ночь обойтись рубль стоить бочка час администратор предупреждать остывать быстро замёрзнуть нужно бронировать сауна сауна купель забронировать сауна стоить рубль час делить стоимость вопрос ладный бронировать приезжать надежда великолепный отдых заселение радость предупреждать свет вода интернет работать исправление дать проблема несколько час заработать предлагать ознакомиться правило обобщить получиться следующий нести', 'понравиться передать природа просто восторг домик купол очень уютный тёплый тёплый прийтись уменьшить стать жарко обстановка ничуть плохой финский коттедж интернет всякий случай общение хватать дорога шоссе очень гнать нормально написать оторвать бампер представлять ехать гружёный взрослый собака продукт доехать отлично пежо общий хотеть сказать огромный спасибо обязательно приехать', 'попасть шатровый отель совершенно случайно проезд поиск место отдых ночлег пожалеть менее сутки отдых получить заряд положительный эмоция энергия отдыхать неделя вокруг чистый природа черника брусника гриб рядом пустынный пляж море шатёр дерево подвесить кресло гамак удобный столовая который кормить вкусный завтрак предлагать выбор несколько блюдо кофе просто кипяток ограничение', 'отдыхать семья приехать москва дочка очень хотеть поехать подобный кемпинг плюс очень красивый территория черника гриб великолепный финский залив отличный баня купель оценить хороший палатка один двуспальный кровать односпальный печка топить обогреватель работать отлично нагревать палатка очень быстро мангал шезлонг каждый палатка хороший завтрак каша яичница обычная/скрембла налить попросить отдельный плата приготовить обед обращаться минус маленький холодильник гость явно хватать сотрудница лагерь увидеть наш глубокий расстройство стейк мочь впихнуть предложить положить свой холодильник остальной продукт потащить', 'какой внимание мелкий деталь устроить мочь писать долго закрытие граница путешествовать примерно трижды месяц наш страна забегать вперёд хотеть сказать следующий отель наш маршрут лес глемпинг дачный отель суровый отечественный люкс резорт покорить белые тент финский залив ностальгия дюна калифорнийский побережье впрямь редкий случай владелец дело круто ты один слово любовь первый взгляд шатёр первый береговой линия душ туалет тент удобство общий гигиенический блок пара шаг общий холодильник зона завтрак кстати']",4,1,5,5
13,Скала,"['проживать домик вид море ощутить полный идиллия спокойствие понять территория -хотеть удивительно вторник среда март это связать хороший отдохнуть суета пожарить мясо провести время семья гулять любоваться море незначительный минуться территория работать ресторан предупреждать бронирование подготовиться ...', 'отдыхать парень начало сентябрь один самый бюджетный размещение тент лес бюджетный сложно назвать очень хотеться попробовать новый отдых глэмпинг тэнт далеко красивый фотография сырость послать тёмный пятно характерный запах коврик одеяло конец сезон первый свежесть матрас удобный светильник обогреватель работать пляж ужасный покупаться особо получиться пройти минута побережье судно симпатичный пляж галька небольшой народ моститься друг друг туалет сделать самый дешёвый материал целое чисто море город отель правда потрясать территория чистый вежливый казаться', 'часто приезжать кабардинка покупаться море новороссийск появиться модный глемпинг скала несколько сезон туда приезжать привозить свой гость приехать год пляж ужасный огромный камень вода водоросль отсутствие тень пляж купаться приезжать покушать кафе полюбоваться море попасть территория остановить охранник который грубый форма объяснить приехать кафе туда нечего территория ходить превращаться охранник главный начальник плюс глемпинг море минус отсутствие бесплатный парковка ужасный пляж ужасный море год ужасный сервис книга отзыв предложение найти поэтому', 'выбрать вариант размещение попробовать формат глэмпинг отдыхать семья начало июнь местоположение глэмпинг великолепный вдали шумный улица перегрузить пляж центральный улица кабардинка выбор шатёр-сафари ошибиться шатёр-сафари самый хороший представить шатёр открываться живописный море закат обстановка шатёр постельный бельё хорошо минус именно отсутствовать wifi везде кроме ресепшн шатёр давать полотенце неожиданный учитывать ценник аренда элементарный набор посуда столовый прибор наш просьба принести полотенце мочь сказать скала очень дружелюбный отзывчивый нерасторопный касаться территория', 'спонтанный поездка случайно наслать глемпинг решить попробовать необычный способ размещение – кемпер ранний такой опыт будущее хотеть приобрести кемпер поэтому своеобразный тест-драйв остаться положительный эмоция двое думать комфорт разместиться человек необходимый условие проживание весьма уютный чисто самый главное – прям море запомниться территория больший чистый вежливый заселить быстро подробно рассказать целое дать дополнительный информация сам посёлок минус погода претензия планировать вернуться разгар сезон']",5,0,5,5
12,Мамонт Camp,"['потрясать единение комфорт уют невероятно вкусный авторский подача природа возможность проснуться река единый посторонний звук вид горный алтай команда организатор потрясти свой идея забота каждый один наш просьба самый незначительный остаться внимание ребята запас начинать оборудование треккинг заканчивать ваш любимый вино ребята хороший обязательно вернуться', 'полный восторг место программа человек отдых детство кормить заботиться твой комфорт активность продумать идеальный нагрузка ехать отдыхать совершать туристический подвиг лагерь берег река просыпаться шатёр панорамный вид слышать природа каждый секунда запах туман река цвет чувствоваться природный самобытность сочетаться ресторанный сервис горячий вода подогревать простыня баня кедровый купель однажды костёр видеть лисица ясный небо гарантировать заставить млечный путь хороший опыт знакомство алтай команда mamont camp жаль погрузиться глэмпинг год', 'волшебный продумать мелочь внимание деталь поражать очень комфортный стильный шатёр душа горячий вода потрясать кухня красивый жаркий баня самый главное команда администрация официант очень внимательный предать свой дело профессионал обязательно вернуться снова']",3,0,3,5
24,Трувор Глэмпинг Валдай,"['атмосферный уютный очень душевный уединение стильный домик прямо берег озеро сочетание свежий воздух чистый лес делать отдых незабываемый семья сложиться идеальный выходной отдельно спасибо хозяин чистый очень удобно эстетично вернуться однозначно', 'отмечать свой очень понравиться интерьер укомплектованность дом весь необходимый отдельный благодарность администратор алексей который учесть наш пожелание прекрасный озеро плюс воздух валдайский']",2,0,2,5
21,Кемпинг Лес и Море,"['отдыхать ночь малыш собака джек рассесть терьер понравиться весь исключение ребёнок спасть сосновый лес собака набегаться накупаться свобода фантастический фирменный каша мятый завтрак фаворит развлечение борд каяк настолочь разнообразный небольшой библиотека вечерний кинотеатр костёр барбекю маршмелоу уютный комфортно эстетично очень понравиться обязательно приехать', 'провести волшебный начало август который вспоминать огромный теплота любовь поездка катер остров отдельный путешествие посмотреть затопить колокольня полюбоваться вид волга палатка супер комфортный выспаться выспаться город каждый палатка стоить биотуалет остров душевая кабина сложно поверить такой вообще возможно остров ягода гриб борд байдарка игровой зона прекрасный кухня вечерний костёр кино ребёнок мультик дружелюбный очень стараться', 'начало август очень понравиться первый взгляд вроде просто деталь .. решить вернуться конец месяц погода повезти практически дождь короткий промежуток такой погода целое помешать давать особый очарование остров осенний атмосфера дождик убаюкивать спать палатка воздух влажный тепловатый лесной умыть природа гриб сап байдарка прекрасный кухня вечерний костёр дружелюбный очень стараться очень понравиться мастер-класс изготовление свеча памятный душевно хотеться возвращаться спасибо перезагрузка', 'тысяча жить палатка окно запах плесень туалет улица общий душ метр палатка слишком туалет свет ходить телефон ночью номер убирать туалет плюс хороший раз день борд каяк бесплатно игровой комната вечером кино дружелюбный атмосфера', 'очень хотеть поделиться свой впечатление уникальный место друг отмечать август свадьба море добраться остров сразу понять реальность раз превысить ожидание хотя подписать инстаграм аккаунт очень долго влюбить правда оказываться попадать состояние эйфория верить происходить ты провести волшебный который вспоминать огромный теплота любовь очень рада наш страна такой прекрасный мочь уединиться суета соединиться природа окружение близкий человек хотеть выразить огромный благодарность персонал который помогать провести ярко очень']",5,0,5,5
9,Гуляй-Город,"['приехать сегодня дорога музей серпухов доброжелательный хорошо поужинать заселение понять номер рядом лестница запах ресторан проходящие/пробегать житель слышный очень слышимость хороший стена попросить сосед тихий разговаривать получиться пытаться заснуть берухо очень помогать открыть окно проветрить пока сосед курить балкон номер выбрать номер конец коридор хорошо сайт план номер завтра блошка поленово осваиваться территория', 'свадьба подарить сертификат cuva который решить реализовать « гуляй-город » сначала локация весьма живописный первый очередь счёт вид достаточно мелко вода должный быстро пригреваться малышня раздор езда велик -затопить песчаный карьер неплохой вид рядом леска чистый светлый ягодный территория приехать двадцать минута ранний попросить подождать двадцать минута администратор впервые увидеть ладный списать переутомление жара заселились-капсула » сам капсула крутой огромный панорамный окно река домик стоить деревянный помост рядом шезлонг свой столик внутри очень классно необходимый кондей чайный набор столовая', 'плюс очень доброжелательный чистый номер хороший кухня приятный природный объект пеший доступность небольшой минус капсула очень дешёвый матрас каждый пружина посчитать тело прийтись подкладывать одеяло уснуть территория пока находиться состояние полу-забросить наверное успеть подготовиться сезон сильный разлив река весна утром время завтрак довольно громко включать музыка веранда', 'дорога гуляй-город целый взахлёб рассказывать ты весь друг знакомый думать отзыв трипэдвайзер полезный спасти пандемийной лето 2020год действительно отдохнуть важно великолепно вкусный кухня удобный уютный номер двойной розовый жить два ребёнок один комната сложно потрясать природа тёплый речка ребёнок постоянно зависать купание/батут выдохнуть гулять каждый день поле любоваться разнотравье великолепный закат баня-доска огромный плюс красивый интерьер отель завтрак открытый терасс каждый утро приятный ритуал спасибо скучать', 'очень довольный двухдневный поездка гуляй-город останавливались-капсула орбита комфортно доброжелательно поначалу немного свежий домик прогреться капсула печка-камин очень уютный сам гостиница очень вежливый ресторан вкусный еда кроме комплекс баня небольшой двое удобный']",5,0,5,5
8,Глэмпинг Под небом,"['отличный условие проживание очень отзывчивый позитивный уходить территория невероятно вкусный условие активный отдых остаться очень довольный обязательно приехать спасибо', 'написать уточнить деталь прочитать забыть голова уклыдываться .. человек просить человек сутки месячный зарплата продавец сергиев посад элементарно мочь ответить сообщение вообще туда ехать', 'великолепный отдых соединение природа чувствоваться душа владелец весь комфорт палатка кухня обстановка пляж дружелюбный внимательный сделать отлично отдыхать ребёнок годик маша остаться восторг водный развлечение сап байдарка вэйк мечта полюбить написать слово песня гребенщиков поесть .. вспоминать хорошо « pod_nebom голубой glamping вода счастие спокойствие окутать быть взор представать величие страна лес озёры невиданный краса « рекомендовать очень ребята хороший вид отдых', 'здравствуйте столкнуться хамский странный поведение место выбирать weekend хотеть уточнить деталь сказать смотреть сайт прийтись выдавливать информация цена космос реально деньга взять потолок ладный сайт один цена переписка называть другой слушайте далёкий закрыть глаз хотеть забронировать говорить бронь перевести сумма минуточка такой смысл оплатить въезд минимум нормальный место бронировать оплата глэмпинг база отдых отель предложить оплатить стоимость мой мнение достаточно адекватный предоплата гарантировать свой приезд говорить платить', 'суперский дизайн палатка вкусный кухня водный активность пляж провести романтический выходной ужин пирс вид закат активно позанимиться спорт вейк катер общий круто весь советовать']",3,2,5,5
7,Велна Эко Спа Резорт,"['сравнивать поэтому посетить загородный-отель « welna resort » мочь совершенно точно сказать хороший загородный отель наш страна даром входить отель россия расположение архитектура инфраструктура программа развлечение обучать мастер-класс высокий профессиональный уровень отметить « welna resort » успешно справляться новация сфера отечественный инвестиция совершенно правильно говориться человек решать высококвалифицированный персонал достойный работа отель невозможный выражать огромный благодарность такт профессиональный мастерство просто человеческий отношение гость свой работа целое весь коллектив загородный', 'плюс очень понравиться номер шикарный территория погулять красивый очень вкусный ужин сеновал лофт минус шведский стол который испортить впечатление первый невкусно второй произойти очень неприятный ситуация вегетарианец взять завтрак', 'поездка велна оставить яркий впечатление сюда хотеться вернуться заранее заказала-процедура обещать хороший мастер обещание сдержать очень рада попасть массажист юрий онищенко терпеливо ответить вопрос процедура рассказать средство уход который использоваться главное помочь подобрать нужно юрий показать пример мой тело массаж влиять весь организм целое физический уровень ощущение лёгкость бодрость здоровье позитив сеанс приятно удивить уйти застарелый боль колено долгий время смочь нормально заснуть', 'очень приятный тропинка нагуляться вдоль ручеёк тропинка подсыпать щепа поэтому сырой погода приятно гулять сходить хам поплавать бассейн питание очень понравиться вкусно весь семья ресторан приятный красивый вид каша суп-пюре ребёнок жаловаться знать есть обычно такой реально действительно вкусно время пополняться хватать весь очень дружелюбный детский игровой отдельный помещение проходить мастер класс просто играть ребёнок подрасти играть ребята родитель балдеть массаж общий отдохнуть довольный', 'неплохой весь семья возможно приезжать готовый сезон территория интересный апрель уходить корпус прикольный устать кухня ресторан хороший обед входящий пансион удобный столпотворение вход неудобно раздеваться ребёнок тесно спацентр тесно выходной']",4,1,5,5
6,Urman Camp Глэмпинг,"['приехать глэмпинг попросить заранее затопить итог купель готовый собираться спать приходить собака мешать спать дальнейший ходить мужчина работник мешать побыть один приехать лишенка спокойствие оставить вещь попросить вернуть итог тишина отдых расслабление картинка хотеть пофоткаться точно', 'отдохнуть тело душа замечательный место домик продумать мелочь себя действительно брать хороший настроение купальник выражать восхищение жанна который встречать улыбка доброжелательность долго быть греть напоминать отдых весь персонал спасибо тёплый гостеприимство отзывчивость однозначно звезда быть весь рекомендовать отметить домик чисто уютный главное тепло помимо чан накататься горка санки сходить настоящий лесной родник вода', 'очень классно отдохнуть глэмпинг хотеть весь наш компания сказать отдельный спасибо управлять жанна благодаря ваш улыбка гостеприимство отдых просто супер сразу видно профессионал просьба моментальный помощь подсказка весь рекомендовать очень уютный тепло -вообще выше всякий похвала продумать мелочь приехать', 'общий мочь сказать отбросить минус стоить наверное крайний мера пока хотеться привлечь терраса очень понравиться лежать практически весь вечер домик уютный печка сам дом вообще огонь минус именно дорога сам глэмпинг деревня узенький дорога машина встретиться разъехаться собственно таки день выезд подъехать деревня близкий мужчина поехать встреча видеть узкий дорога рассчитывать непонятно итог застрять прийтись помогать выезжать уголь сырой прийтись долго разжигать мангал грязный похоже никто убирать веер вообще валяться', 'urman camp выходной начинаться мороз городской суета прекрасный место придумать вдали город совершенный звенящий тишина морозный воздух красота вокруг гостеприимство жанна выше всякий похвала легко-добрый больший уважение терпение прекрасный обстановка чистота красота очень чувствоваться трепетный отношение жанна ребята сам место открытый отзывчивый просто суперррр понравиться безумно обязательно быть приезжать увидеть табун лошадь просто обомлеть радость весь говорить делать человек сохранить свой человек точно расцвести']",4,1,5,5
25,Глемпинг Старый Сивух,['выходной пролететь маленький жизнь насыщенный запомниться надолго комфортабельный глэмп-номер электронный ключ чистота аутентичность жизнь гора пересекать последний тенденция туризм обязательно вернуться спасибо сказка'],1,0,1,5
4,ЛЕС Глэмпинг и спа,"['решить посетить чудесный забронировать значит ночь внести предоплата первый сутки заселение показать наш бунгало номер стенка который площадка гладиаторкий бой час вход общий зона костёр вечер петь песня также прям наш вход ресторан житель чудесный место долгий переговоры отказаться предоставить уединённый ладный думать решить сходить ресторан который жена прополоскать пронести советовать хотеть посетить настоятельно бронирование уточнять расположение шалаш шалаш туалет который запах спальня думать система везде такой рекомендовать холить ресторан ваш второй половина', 'кемпинг подойти исключительно семья ребёнок предлагать отдых другой категория гость пара одинокий гость надежда тишина комфорт найти предупредить хотеть фото сайт соответствовать тот поселить несколько домик терраса хотя бронировать люкс плюс сайт фото этот номер видный терраса кресло факт выйти домик открыть прозрачный плёнка занавеска прозрачный сразу пропадать дорожка дорожка ходить гость ресторан самый громкий проходимый часть кемпинг возить тачка бельё домик видимо ночь заплатить расположение', 'выбрать глэмпинг отметить планировать провести день тезисный отличный локация тихий вдали туристический суета природа кролик петь птичка комфортный палатка оборудовать весь мыслимый удобство тёплый простыня подогрев умный унитаз место перебор ресторан который вкусно кормить приятный обслуживание респект весь персонал территория администратор техник действительно пытаться решать проблема весь доступный способ вплоть комплиментарный испанский брют фруктовый тарелка прекрасный банный комплекс открытый бассейн джакузи открытый небо несколько вид баня массаж йог входить стоимость проживание', 'разочаровать красивый картина сказочный лес испортить достаться удачный домик-палатка очень маленький цена получить скрипучий торчать шуруп двухкомнатный апартамент постоянный ароматизация канализация ранний регулярный звук проезжать тележек.персонал всыпаться свежий воздух удаться чувство уединение ощутить соответственно впечатление остаться наихудшим- массаж … маленький цена', 'очень необычный весь советовать побывать отдельно хотеть отменить работа персонал сервис высокий уровень каждый сотрудник относиться каждый гость радушие гостеприимство обязательно вернуться волшебный']",3,2,5,5
3,Глэмпинг Vezzika,"['плюс хороший красивый местоположение минус информация сайт соответсвовать действительность пример сайт бронировать баня подтверждение бронирование чётко прописать час факт место оказываться оплатить малый время нужно доплачивать ездить июнь огромный количество слепень спокойно позагорать посидеть улица невозможно понимать природа малый информация огромный минус палатка убрать возможно связать сотрудница глэмпинг основный занятие скорый курение кальян питьевой вода грязный народ совать туда попасть рука установить хотя помпа платный вода канал написать комментарий ниже купить', 'очень слепень невозможно просто сесть расслабиться почему никто нигде писать говорить хотя предупреждать телефон сказать парковка/ сутки факт сайт покупать лодка баня какой услуга воспользоваться например слепень вернуть вода питьевой общий очень грязный лазить бочка попасть завтрак невкусный очень очень скудный стоить свой деньга простой приехать отдыхать самостоятельно палатка один название время сидеть курить кальян никто особо решать никакой вопрос', 'прекрасный перезагрузка отдых ваш путешествие начинаться катер который везти ново-свирский канал лагерь кемпинг расположить ладожский озеро канал песчаный кос необходимый кухня посуда газ мангал прекрасный походный баня берег канал горячий вода', 'прекрасный удивительный закат чистый пляж чистый шатёр территория иметься баня проведение отдых выходной отметить день рождение друг прекрасно подходить добираться авто берег забрать катер']",4,0,4,5
27,Eko-camping SFERA,"['назад волшебный ощущение побывать настоящий сказка заснеженный озеро природа потрясать жить необычный домик геосфера чисто опрятно тепло топить печь дрова сравниться камин квартира брать себя продукт приготовить мангал оказаться кафе покушать принцип необходимый отдых предоставить принадлежность мангал посуда горячий вода термос насладиться чаемый самовар такой попробовать вечерний прогулка лыжа стать настоящий приключение красиво волшебно среди удобство дом биотуалет впервые такой пользоваться доступно объяснить горячий вода главный корпус принцип знать', 'спойлер крайне отвратительный ужасный сервис который испортить отдых наслаждение природа заселение экошалаш холодно улица оказываться помнить заезд просто забыть включить обогреватель номер итог комфортный температура градус прийтись ждать час кстати туалет холодный улица обогреваться либо терпеть либо снимать кальсоны минусовый температура пока греться шалаш купить дрова пожарить шашлык дрова оказаться настолько сырой некоторый полено вода капать хорошо купить средство розжиг помощь который смочь хотя поджечь некоторый менее', 'сам идея вообще огонь говорить сфера явно увидеть стоить свой деньга приехать достаточно поздно подпортить впечатление парковка таковой машина приходиться кидать вдоль дорога охват камера понятный работать освещение очень скудный связь ждать плохо осветить дорога администрация большинство информация вытягивать клещ сказать идти навстречу дорожка сам сфера сделать скорый рука многое касаемо сфера внешний намного внутри грязный штора поносить матрас биотуалет пережить видать многое трещина развод стекло окно минимальный хотя смотреть некуда выходить просто тропинка который', 'заселение проводить геокупол вопрос отвечать неохотно территория рассказать вовсе номер вкратце биотуалет который предыдущий гость убрать сразу сказать номер предназначить отдых ребёнок животное судить первый срок памятка отель лежать номер владелец отель рекомендовать спокойно принимать неудобство который быть возникать возникать быть выключатель закрепить розетка болтаться провод наружу вводный электрический автомат номер расположить внизу корпус закрываться надёжно проводка малое сечение автомат малый использование большой количество розетка часть нужный холодильник телевизор например просто', 'кемпинг sfera купол плюс красивый природа волейбольный поле песок кошка бесплатный настолочь свой еда греть административка микроволновка минус машина въезд запретить машина прийтись оставить дорога далеко кемпинг заход вода весь тина около пирс плавать сломать лодка предоставлять маленький один равно весло цена услуга сайт факт различаться уголь готовка платный сырой разжигать уголь минута близкий ночь весь кемпинг выключиться электричество страшно камин хватать час ночью прийтись встать топить дрова мокрый разжигать минута газовый баллон душевая туалет неприятно пахнуть неимоверный вонь идти вода']",4,1,5,5
20,Polyana Glamping,"['потрясать локация идеальный провести время калининград приезжать второй впервые год глэмпинг территория заповедник весь вытекать преимущество живность прекрасный природа море думаться маленький ребёнок очень комфортно усмотрение родитель очень удобный кровать шатёр уступать уровень хороший отель цена приятный особенно подмосковный глэмпинг очень здорово вкусно поесть кос нормальный кафе полный комфорт повезти погода отдых удаться спасибо сотрудник глэмпинг организация прекрасный отдых', 'сам чудесный лоно природа рядом балтийский море широкий безлюдный пляж писать многие заслуга создатель называть', 'отдыхать жена красивый место ночью петь птица очень романтично необыкновенно первый отдыхать подобный формат писать многие дороговатый это согласиться полностью который подавать вообще никакой завтрак подавать очень долго холодное вечером заказать рыба пресный кислый рыба сухой один слово невкусно долго вежливый весь парень усик девушка бар остальной натягивать улыбка видно рада девушка глаз рыба весь поведение показывать достать красивый природа завораживать костёр ночью приятный']",2,1,3,5
15,Шикша,"['прекрасный место отдых душа тело бескрайний водный простор вокруг остров прозрачный глубокий озеро сам остров влажный богатый ягода гриб лес уесть вдали человек тёплый удобный палатка большой двуспальный кровать больший сытный завтрак вкусный ужин окружить любовь забота александр татьяна', 'шикарный отдых шикарный шалаш третий ездить слеза хотеться уезжать ребята невероятный молодец очень гостеприимно палатка-тент деревянный подмостки полметра простыня подогрев лампа центр палатка греть градус душевая туалет дерево нормальноить канализацией подогрев евента тент завтрак ужин кинотеатр солярий гриб вообще молчать приезжать пожалеть', 'обалденный потрясать природа очень чисто очень дружелюбно очень вкусно палатка тёплый аккуратный чистый вкусный завтрак ужин обед кафе домашний еда близко мммм булочка черника развлечение потрясать озеро сап рыбалка настольный теннис общение костёр вечер группа выступать вечером детей- батут игра беготня другой ребёнок ездить втроём-летний ребёнок восторг ощущение хороший домашний гостиница единение природа казаться короткий отдых учитывать дорога день самый', 'чудесный душевный озеро селигер остров хачин комфортный палатка обогреватель электричество вкусный разнообразный завтрак ужин лодка велосипед свободный пользование']",2,2,4,3
23,Глэмпинг Северный Крым,"['реклама ... ... довестись проезд сутки база провести управлять турбаза карелия ..... минус замоший .... плюс -разнести заезд\\выезд любой турбаза разный домик -главный плюс новый ... домик инвентарь дерево посадить -организовать парковка авто гость -отдых семья ребёнок ферма', 'последний день пребывание перестать работать кафе причина объяснить завтрак который указать сайт']",0,2,2,1
10,Глэмпинг Китовый Берег,['мочь предположить получить столько новый эмоция встретить столько интересный человек край земли… ехать путешествие посоветовать друг август остаться полный восторг прямой самолёт пермь-мурманск оставить доля сомнение лететь отель мурманск забрать максим достаточно комфортный land cruiser дорога база длиться час заметить максим занять наш внимание история место останавливаться выходить авто посозерцать вид посмотреть памятник заехать долина слава база тепло встретить милый девушка елена напоить чаемый трава заселить комфортный глэмпинг отправить баня кстати баня полюбиться ходить каждый день дубовый'],0,1,1,1
5,Глэмпинг NewCamp,['глэмпинг находиться близ посёлок эссойло сосновый лес представлять себя деревянный домиков-стиль отдаление друг друг шатёр проведение утренний зарядка баня строиться столовая каждый домик небольшой терраса зона отдых барбекю домик необходимый посуда полотенце плед запрос предоставляться утюг завтрак приносить домик оговорить время скудный надеяться построение столовая недостаток компенсировать главный плюс глэмпинга- потрясать природа вокруг панорамный окно свой парковка открыться июнь год поэтому думать ребята процесс усовершенствование находиться'],0,1,1,1
2,Глэмпинг Видно Озеро,"['забронировать проживание глэмпинг', 'случайно оказаться глэмпинг']",0,2,2,1
14,Халактырский пляж,[''],0,0,0,0
26,Долина мечтателей,[''],0,0,0,0
28,СПА ЛЕС глэмпинг,[''],0,0,0,0
29,Глэмпинг Под Небом,[''],0,0,0,0
